INCIDENT_ID,FILE_DATE
1,12/25/20
2,6/16/21
3,8/24/21
4,1/17/20
5,5/20/23
6,10/17/22
7,12/9/24
8,3/6/20
9,2/28/23
10,6/15/20
11,11/7/20
12,9/9/23
13,4/14/23
14,12/20/24
15,12/15/21
16,12/17/24
17,9/12/23
18,7/24/24
19,5/26/22
20,8/12/24
21,6/18/24
22,12/21/22
23,4/11/23
24,12/27/21
25,6/9/20
26,7/26/22
27,9/7/22
28,8/7/24
29,8/25/23
30,7/7/22
31,12/15/24
32,2/17/24
33,8/25/21
34,12/10/23
35,5/19/24
36,7/7/24
37,6/7/24
38,7/3/21
39,12/21/22
40,2/14/24
41,8/7/23
42,12/25/20
43,10/4/24
44,6/18/22
45,12/23/22
46,12/15/24
47,10/21/23
48,8/18/23
49,8/10/23
50,8/24/23
51,7/23/22
52,5/4/22
53,6/24/23
54,7/13/21
55,9/3/23
56,5/10/23
57,7/22/22
58,2/9/22
59,12/10/24
60,1/19/24
61,6/12/20
62,5/25/24
63,9/14/21
64,7/10/22
65,12/9/23
66,9/20/20
67,5/6/23
68,10/3/21
69,2/7/24
70,5/25/22
71,4/20/22
72,11/14/22
73,2/13/23
74,6/12/22
75,7/11/23
76,1/5/21
77,12/25/22
78,3/22/22
79,7/16/20
80,8/6/21
81,3/10/22
82,10/27/23
83,1/20/20
84,12/24/22
85,4/28/21
86,11/6/21
87,4/14/22
88,5/9/22
89,4/28/23
90,12/8/24
91,6/1/23
92,12/21/23
93,2/25/23
94,2/19/24
95,9/4/21
96,4/11/23
97,3/18/23
98,4/11/23
99,11/5/22
100,3/17/21
